dict_technique_name;technique_raw_data
Unbekannt;unbekannt
Unbekannt;unknown
Mischtechnik;mischtechnik
Mischtechnik;mischtechniken
Mischtechnik;mischmedia
Mischtechnik;verschiedene techniken
Mischtechnik;mixed media
Mischtechnik;mixed
Mischtechnik;mixed technique
Mischtechnik;gemischtmedien
Malerei;malerei
Malerei;gemalt
Malerei;painting 
Malerei;handmalerei 
Wachsmalerei;wachsmalerei
Wachsmalerei;wachs
Wachsmalerei;enkaustik
Wachsmalerei;encaustic
Wachsmalerei;wax
Wachsmalerei;wax painting
Öl;öl
Öl;oil
Öl;huile
Öl;huiles
Öl;oel
Öl;ölgemälde
Wasserfarbe;wasserfarbe
Wasserfarbe;wasserfarben
Wasserfarbe;watercolor
Aquarell;aquarell
Aquarell;aqu.
Aquarell;aquarelliert
Aquarell;watercolor
Gouache;gouache
Deckfarben;deckfarben
Deckfarben;deckfarbenmalerei
Deckfarben;opaque colors
Acryl;acryl
Acryl;acr.
Acryl;acrylfarbe
Acryl;acrylic
Tempera;tempera
Eitempera;eitempera
Eitempera;egg tempera
Spezialtechniken;spezialtechniken
Spezialtechniken;special techniques
Miniaturmalerei;miniaturmalerei
Miniaturmalerei;miniature painting
Kaseinmalerei;kaseinmalerei
Kaseinmalerei;casein
Kaseinmalerei;casein paint
Stumping;stumping
Impasto;impasto
Lupenmalerei;lupenmalerei
Lupenmalerei;miniature painting
Waschmalerei;waschmalerei
Waschmalerei;wash painting
Hinterglasmalerei;hinterglasmalerei
Hinterglasmalerei;reverse glass painting
Zeichnung;zeichnung
Zeichnung;gezeichnet
Zeichnung;drawing
Stiftzeichnung;stiftzeichnung
Stiftzeichnung;pencil drawing
Graphit;graphit
Graphit;graphite
Bleistift;bleistift
Bleistift;bleistiftzeichnung
Bleistift;pencil
Farbstift;farbstift
Farbstift;colored pencil
Filzstift;filzstift
Filzstift;faserstift
Filzstift;felt-tip pen
Griffel;griffel
Griffel;stylus
Rötelzeichnung;rötelzeichnung
Rötelzeichnung;rötel
Rötelzeichnung;red chalk drawing
Rötelzeichnung;red chalk
Sanguine;sanguine
Kreide;kreide
Kreide;kreidezeichnung
Kreide;chalk
Ölkreide;ölkreide
Ölkreide;oil pastel
Pastell;pastell
Pastell;pastellkreide
Pastell;pastel
Tusche;tusche
Tusche;tuschezeichnung
Tusche;ink
Tusche;tinte
Tusche;encre
Feder;feder
Feder;federzeichnung
Feder;pen
Farbfeder;farbfeder
Farbfeder;colored pen
Lavierung;lavierung
Lavierung;laviert
Lavierung;wash
Kalligraphie;kalligraphie
Kalligraphie;calligraphy
Schraffur;schraffur
Schraffur;hatching
Kohle;kohle
Kohle;kohlezeichnung
Kohle;charcoal
Sepia;sepia
Sepia;sepia
Collage;collage
Skulptur;skulptur
Skulptur;sculpture
Schweißtechnik;schweißtechnik
Schweißtechnik;geschweißt
Schweißtechnik;welding technique
Patinierung;patinierung
Patinierung;patiniert
Patinierung;patination
Sprühtechnik;sprühtechnik
Sprühtechnik;spray technique
Sprühfarbe;sprühfarbe
Sprühfarbe;spray paint
Fotografie;fotografie
Fotografie;foto
Fotografie;photography
Farbfotografie;farbfotografie
Farbfotografie;color photography
C-Print;c-print
Schwarzweißfotografie;schwarzweißfotografie
Schwarzweißfotografie;black-and-white photography
Silbergelatineabzug;silbergelatineabzug
Silbergelatineabzug;silver gelatin print
Handwerk;handwerk
Handwerk;craft
Stickerei;stickerei
Stickerei;embroidery
Eglomisé;eglomisé
Eglomisé;églomisé
Prägung;prägung
Prägung;embossing
Metallprägung;metallprägung
Metallprägung;metalldruck
Metallprägung;metal embossing
Vergoldung;vergoldung
Vergoldung;vergoldet
Vergoldung;gilding
Goldprägung;goldprägung
Goldprägung;gold embossing
Polimentvergoldung;polimentvergoldung
Polimentvergoldung;polimentvergoldet
Polimentvergoldung;water gilding
Bronzierung;bronzierung
Bronzierung;bronziert
Bronzierung;bronzing
Bronzierung;bronze
Goldschnitt;goldschnitt
Goldschnitt;gilt edging
Schnitzerei;schnitzerei
Schnitzerei;geschnitzt
Schnitzerei;carving
Mosaik;mosaik
Mosaik;mosaic
Druck;druck
Druck;druckgrafik
Druck;gedruckt
Druck;printmaking
Tiefdruck;tiefdruck
Tiefdruck;intaglio
Radierung;radierung
Radierung;etching
Aquatinte;aquatinte
Aquatinte;aquatinta
Aquatinte;aquatint
Farbradierung;farbradierung
Farbradierung;color etching
Kaltnadelradierung;kaltnadelradierung
Kaltnadelradierung;drypoint etching
Kaltnadelradierung;drypoint
Stich/Gravur;stich
Stich/Gravur;gravur
Stich/Gravur;engraving
Kupferstich;kupferstich
Kupferstich;copper engraving
Flachdruck;flachdruck
Flachdruck;planographic printing
Lithographie;lithographie
Lithographie;lithograph
Lithographie;lithography
Lichtdruck;lichtdruck
Lichtdruck;collotype
Farblithographie;farblithographie
Farblithographie;color lithography
Fotolithographie;fotolithographie
Fotolithographie;photolithography
Prägedruck;prägedruck
Prägedruck;embossed printing
Hochdruck;hochdruck
Hochdruck;relief printing
Holzschnitt;holzschnitt
Holzschnitt;woodcut
Farbholzschnitt;farbholzschnitt
Farbholzschnitt;color woodcut
Linolschnitt;linolschnitt
Linolschnitt;linocut
Farblinolschnitt;farblinolschnitt
Farblinolschnitt;color linocut
Serigraphie;serigraphie
Serigraphie;silkscreen
Serigraphie;silkscreen print
Serigraphie;serigraphy
Farbserigraphie;farbserigraphie
Farbserigraphie;color serigraphy
Ölserigraphie;ölserigraphie
Ölserigraphie;oil serigraphy
Irisdruck;irisdruck
Irisdruck;iris printing
Digitaldruck;digitaldruck
Digitaldruck;digital printing
Inkjetdruck;inkjetdruck
Inkjetdruck;inkjet printing
Inkjetdruck;inkjet print
Inkjetdruck;inkjet-print
Unbekannt;inconnu
Mischtechnik;technique mixte
Malerei;peinture
Wachsmalerei;encaustique
Öl;peinture à l'huile
Wasserfarbe;peinture à l'eau
Aquarell;aquarelle
Deckfarben;couleurs opaques
Acryl;acrylique
Eitempera;tempera à l'œuf
Spezialtechniken;techniques spéciales
Miniaturmalerei;peinture miniature
Kaseinmalerei;peinture à la caséine
Stumping;estompage
Impasto;empâtement
Lupenmalerei;peinture à la loupe
Waschmalerei;lavis
Hinterglasmalerei;peinture sous verre
Zeichnung;dessin
Stiftzeichnung;dessin au crayon
Bleistift;crayon
Farbstift;crayon de couleur
Filzstift;feutre
Griffel;stylet
Rötelzeichnung;dessin à la sanguine
Kreide;craie
Ölkreide;pastel à l'huile
Tusche;encre de Chine
Feder;plume
Farbfeder;plume colorée
Lavierung;lavis
Kalligraphie;calligraphie
Schraffur;hachures
Kohle;fusain
Sepia;sépia
Schweißtechnik;soudage
Patinierung;patine
Sprühtechnik;technique de pulvérisation
Sprühfarbe;peinture en aérosol
Fotografie;photographie
Farbfotografie;photographie couleur
C-Print;tirage chromogène
Schwarzweißfotografie;photographie noir et blanc
Silbergelatineabzug;tirage gélatino-argentique
Handwerk;artisanat
Stickerei;broderie
Prägung;gaufrage
Metallprägung;gaufrage sur métal
Vergoldung;dorure
Goldprägung;estampage doré
Polimentvergoldung;dorure à l'eau
Bronzierung;bronzage
Goldschnitt;tranche dorée
Schnitzerei;sculpture sur bois
Mosaik;mosaïque
Druck;estampe
Tiefdruck;taille-douce
Radierung;eau-forte
Farbradierung;eau-forte en couleur
Kaltnadelradierung;pointe sèche
Stich/Gravur;gravure
Kupferstich;gravure sur cuivre
Flachdruck;impression à plat
Lichtdruck;phototypie
Farblithographie;lithographie en couleur
Fotolithographie;photolithographie
Prägedruck;impression gaufrée
Hochdruck;impression en relief
Holzschnitt;xylographie
Farbholzschnitt;xylographie en couleur
Linolschnitt;linogravure
Farblinolschnitt;linogravure en couleur
Serigraphie;sérigraphie
Farbserigraphie;sérigraphie en couleur
Ölserigraphie;sérigraphie à l'huile
Irisdruck;impression iris
Digitaldruck;impression numérique
Inkjetdruck;impression jet d'encre
